{
  "users": [{
      "id": 1,
      "firstname": "Steve",
      "surname": "Rogers",
      "age": 102,
      "gender": "Male"
    },
    {
      "id": 2,
      "firstname": "Natasha",
      "surname": "Romanoff",
      "age": 32,
      "gender": "Female"
    },
    {
      "id": 3,
      "firstname": "Tony",
      "surname": "Stark",
      "age": 47,
      "gender": "Male"
    },
    {
      "id": 4,
      "firstname": "Carol",
      "surname": "Danvers",
      "age": 62,
      "gender": "Female"
    }
  ]
}
