{
  "openingTimes": [
    {
      "day": "Monday-Thursday",
      "open": "17:30",
      "close": "21:00"
    },
    {
      "day": "Friday",
      "open": "16:30",
      "close": "22:00"
    },
    {
      "day": "Saturday",
      "open": "16:30",
      "close": "23:00"
    },
    {
      "day": "Sunday",
      "open": "17:30",
      "close": "21:30"
    }
  ],
  "films": [
    {
      "date": "01-Oct-2018 Monday",
      "time": [
        "17:30",
        "20:00"
      ],
      "title": "King Of Theives",
      "runTime": 108,
      "rating": "15",
      "imgUrl": "./assets/KingOfThieves.jpg"
    },
    {
      "date": "02-Oct-2018 Tuesday",
      "time": [
        "17:30"
      ],
      "title": "The Predator",
      "runTime": 101,
      "rating": "15",
      "imgUrl": "./assets/ThePredator.jpg"
    },
    {
      "date": "02-Oct-2018 Tuesday",
      "time": [
        "20:00"
      ],
      "title": "The House with a Clock in its Walls",
      "runTime": 105,
      "rating": "12A",
      "imgUrl": "./assets/TheHouse.jpg"
    }
  ],
  "users": [
  ]
}