{
    "allFilms": [{
            "_id": "5c9e51c24c6ee53ff09d5d01",
            "title": "Test Film 1",
            "synopsis": " Test Film 1 Synopsis",
            "cast": "Test Film 1 Cast",
            "directors": "Test Film 1 Directors",
            "showingTimes": "11:45, 13:30, 17:15, 20:45",
            "releaseDate": "2019-05-27T00:00:00.000Z",
            "filmStatus": "1",
            "img": "film1Image.jpg"
        },
        {
            "_id": "5c9e51c24c6ee53ff09d5d02",
            "title": "Test Film 2",
            "synopsis": " Test Film 2 Synopsis",
            "cast": "Test Film 2 Cast",
            "directors": "Test Film 2 Directors",
            "showingTimes": "11:45, 13:30, 17:15, 20:45",
            "releaseDate": "2019-10-27T00:00:00.000Z",
            "filmStatus": "2",
            "img": "film2Image.jpg"
        },
        {
            "_id": "5c9e51c24c6ee53ff09d5d03",
            "title": "Test Film 3",
            "synopsis": " Test Film 3 Synopsis",
            "cast": "Test Film 3 Cast",
            "directors": "Test Film 3 Directors",
            "showingTimes": "11:45, 13:30, 17:15, 20:45",
            "releaseDate": "2019-05-27T00:00:00.000Z",
            "filmStatus": "1",
            "img": "film3Image.jpg"
        }
    ],
    "singleFilm": [{
            "_id": "5c9e51c24c6ee53ff09d5d01",
            "title": "Test Film 1",
            "synopsis": " Test Film 1 Synopsis",
            "cast": "Test Film 1 Cast",
            "directors": "Test Film 1 Directors",
            "showingTimes": "11:45, 13:30, 17:15, 20:45",
            "releaseDate": "2019-05-27T00:00:00.000Z",
            "filmStatus": "1",
            "img": "film1Image.jpg"
        },
        {
            "_id": "5c9e51c24c6ee53ff09d5d02",
            "title": "Test Film 2",
            "synopsis": " Test Film 2 Synopsis",
            "cast": "Test Film 2 Cast",
            "directors": "Test Film 2 Directors",
            "showingTimes": "11:45, 13:30, 17:15, 20:45",
            "releaseDate": "2019-10-27T00:00:00.000Z",
            "filmStatus": "2",
            "img": "film2Image.jpg"
        },
        {
            "_id": "5c9e51c24c6ee53ff09d5d03",
            "title": "Test Film 3",
            "synopsis": " Test Film 3 Synopsis",
            "cast": "Test Film 3 Cast",
            "directors": "Test Film 3 Directors",
            "showingTimes": "11:45, 13:30, 17:15, 20:45",
            "releaseDate": "2019-05-27T00:00:00.000Z",
            "filmStatus": "1",
            "img": "film3Image.jpg"
        }
    ],
    "openingTimes": [{
        "_id": "5ceeb04eebd86314c40a25b9",
        "day": "Monday",
        "opening": "11:00",
        "close": "00:00"
    }, {
        "_id": "5ceeb077ebd86314c40a25ba",
        "day": "Friday",
        "opening": "11:00",
        "close": "02:00"
    }, {
        "_id": "5ceeb08bebd86314c40a25bb",
        "day": "Sunday",
        "opening": "11:00",
        "close": "23:00"
    }],

    "signup": [{}]
}