{
  "users": [
    {
      "id": 1,
      "firstname": "Stephanie",
      "surname": "Rogers",
      "age": 102,
      "gender": "Male"
    },
    {
      "id": 2,
      "firstname": "Natasha",
      "surname": "Romanoff",
      "age": 32,
      "gender": "Female"
    },
    {
      "id": 3,
      "firstname": "Tony",
      "surname": "Stark",
      "age": 47,
      "gender": "Male"
    },
    {
      "id": 4,
      "firstname": "Carol",
      "surname": "Danvers",
      "age": 62,
      "gender": "Female"
    },
    {
      "id": 5,
      "firstname": "Mary",
      "surname": "Christmas",
      "age": 1062,
      "gender": "Female"
    },
    {
      "id": 6,
      "firstname": "Carol",
      "surname": "Singer",
      "age": 62,
      "gender": "Female"
    },
    {
      "firstname": "Grace",
      "surname": "Hopper",
      "age": 22,
      "gender": "Female",
      "id": 7
    },
    {
      "firstname": "Grace",
      "surname": "Hopper",
      "age": 22,
      "gender": "Female",
      "id": 8
    },
    {
      "firstname": "Grace",
      "surname": "Hopper",
      "age": 22,
      "gender": "Female",
      "id": 9
    },
    {
      "firstname": "Grace",
      "surname": "Hopper",
      "age": 22,
      "gender": "Female",
      "id": 10
    },
    {
      "firstname": "Grace",
      "surname": "Hopper",
      "age": 22,
      "gender": "Female",
      "id": 11
    }
  ]
}