{
    "openingTimes": [{
        "_id": "5ceeb04eebd86314c40a25b9",
        "days": "Monday- Thursday",
        "times": "17:00-21:00"
    }, {
        "_id": "5ceeb077ebd86314c40a25ba",
        "days": "Friday-Saturday",
        "times": "16:30-22:00"
    }, {
        "_id": "5ceeb08bebd86314c40a25bb",
        "days": "Sunday",
        "times": "17:00-21:30"
    }],
    "films": [{
            "_id": "5c9e51c24c6ee53ff09d5d01",
            "title": "King of Thieves",
            "synopsis": "King of Thieves Synopsis",
            "cast": "King of Thieves Cast",
            "directors": "King of Thieves Directors",
            "showingTimes": "17:30, 20:00",
            "releaseDate": "2019-05-27T00:00:00.000Z",
            "filmStatus": "1",
            "img": "./assets/KingOfThieves.jpg"
        },
        {
            "_id": "5c9e51c24c6ee53ff09d5d02",
            "title": "The Predator",
            "synopsis": "The Predator Synopsis",
            "cast": "The Predator Cast",
            "directors": "The Predator Directors",
            "showingTimes": "17:30",
            "releaseDate": "2019-10-27T00:00:00.000Z",
            "filmStatus": "1",
            "img": "./assets/ThePredator.jpg"
        },
        {
            "_id": "5c9e51c24c6ee53ff09d5d03",
            "title": "The House with a Clock in its Walls",
            "synopsis": "The House with a Clock in its Walls Synopsis",
            "cast": "The House with a Clock in its Walls Cast",
            "directors": "The House with a Clock in its Walls Directors",
            "showingTimes": "11:45, 13:30, 17:15, 20:45",
            "releaseDate": "20:00",
            "filmStatus": "1",
            "img": "./assets/TheHouse.jpg"
        }
    ],
    "signup": [{}]
}